,,,,,,,,,,,,,,
room_id,floor,zone,room_name,display_name,function,color_group,poi_type,is_patient_destination,wheelchair_accessible,accessibility_note,service_flow,voice_aliases,ocr_keywords,notes
A101,1,Tầng 1 - Tiếp nhận & dịch vụ,Quầy hướng dẫn,A101 - Quầy hướng dẫn,"Hỏi đường, hỗ trợ chung",Hành chính / tiếp nhận,guidance,Có,TRUE,,standard_flow;insurance_flow;service_flow;priority_support_flow,"hướng dẫn, hỏi đáp, giải đáp thắc mắc, hỏi đường, xử lý dịch vụ, nhu cầu, quầy tiếp đón, hỏi thông tin, bàn hướng dẫn, quầy thông tin, tiếp tân, hướng dẫn bệnh nhân, quầy chỉ dẫn, thủ tục, chỉ giúp",Quầy hướng dẫn,
A102,1,Tầng 1 - Tiếp nhận & dịch vụ,Kiosk lấy số,A102 - Kiosk lấy số,Lấy số khám,Hành chính / tiếp nhận,kiosk,Có,TRUE,"Đặt tại khu sảnh, xe lăn có thể tiếp cận; nếu khó thao tác có thể đến quầy hướng dẫn.",standard_flow;insurance_flow;service_flow;priority_support_flow,"kiosk lấy số, máy lấy số, số xếp hàng, số thứ tự khám, máy lấy số thứ tự, lấy phiếu, máy tự phục vụ, làm thủ tục, tự đăng ký, check-in",Kiosk lấy số,
A103,1,Tầng 1 - Tiếp nhận & dịch vụ,Quầy xác thực CCCD/VNeID,A103 - Quầy xác thực CCCD/VNeID,Xác minh thông tin,Hành chính / tiếp nhận,identity,Có,TRUE,,standard_flow;insurance_flow;service_flow;priority_support_flow,"xác thực cccd/vneid, giấy tờ căn cước, xác thực thông tin, quét căn cước công dân",Quầy xác thực CCCD/VNeID,
A104,1,Tầng 1 - Tiếp nhận & dịch vụ,Quầy đăng ký 1,A104 - Quầy đăng ký 1,Tiếp nhận khám,Hành chính / tiếp nhận,registration,Có,TRUE,,standard_flow;insurance_flow;service_flow;priority_support_flow,"đăng ký 1, đăng ký khám bệnh, đăng ký dịch vụ, tư vấn gói khám, khám bác sĩ riêng, tiếp nhận, ghi tên khám, mở hồ sơ, đăng ký khám, làm thủ tục",Quầy đăng ký 1,
A105,1,Tầng 1 - Tiếp nhận & dịch vụ,Quầy đăng ký 2,A105 - Quầy đăng ký 2,Tiếp nhận khám,Hành chính / tiếp nhận,registration,Có,TRUE,,standard_flow;insurance_flow;service_flow;priority_support_flow,"đăng ký 2, đăng ký khám bệnh, đăng ký dịch vụ, tư vấn gói khám, khám bác sĩ riêng, tiếp nhận, ghi tên khám, mở hồ sơ, đăng ký khám, làm thủ tục",Quầy đăng ký 2,
A106,1,Tầng 1 - Tiếp nhận & dịch vụ,Quầy đăng ký 3,A106 - Quầy đăng ký 3,Tiếp nhận khám,Hành chính / tiếp nhận,registration,Có,TRUE,,standard_flow;insurance_flow;service_flow;priority_support_flow,"đăng ký 3, đăng ký khám bệnh, đăng ký dịch vụ, tư vấn gói khám, khám bác sĩ riêng, tiếp nhận, ghi tên khám, mở hồ sơ, đăng ký khám, làm thủ tục",Quầy đăng ký 3,
A107,1,Tầng 1 - Tiếp nhận & dịch vụ,Quầy BHYT 1,A107 - Quầy BHYT 1,Kiểm tra thẻ,Hành chính / tiếp nhận,insurance,Có,TRUE,"Có thể đến bằng sảnh hoặc hành lang rộng; phù hợp bệnh nhân BHYT, người cao tuổi và xe lăn.",insurance_flow;priority_support_flow,"bhyt 1, bảo hiểm y tế, tư vấn bảo hiểm, khám bảo hiểm y tế, bảo hiểm",Quầy BHYT 1,
A108,1,Tầng 1 - Tiếp nhận & dịch vụ,Quầy BHYT 2,A108 - Quầy BHYT 2,Kiểm tra thẻ,Hành chính / tiếp nhận,insurance,Có,TRUE,"Có thể đến bằng sảnh hoặc hành lang rộng; phù hợp bệnh nhân BHYT, người cao tuổi và xe lăn.",insurance_flow;priority_support_flow,"bhyt 2, bảo hiểm y tế, tư vấn bảo hiểm, khám bảo hiểm y tế, bảo hiểm ",Quầy BHYT 2,
A109,1,Tầng 1 - Tiếp nhận & dịch vụ,Phòng tư vấn khám theo yêu cầu,A109 - Phòng tư vấn khám theo yêu cầu,Tư vấn khám,Hỗ trợ / Dịch vụ,consulting,Có,TRUE,Có thể đến bằng hành lang rộng; phù hợp người cao tuổi và xe lăn.,"service_flow;priority_support_flow
","tư vấn khám theo yêu cầu, tư vấn khám, phòng tư vấn, khám dịch vụ, khám theo yêu cầu, tư vấn khám bệnh, đăng ký khám dịch vụ",Phòng tư vấn khám theo yêu cầu,
A110,1,Tầng 1 - Tiếp nhận & dịch vụ,Quầy trả kết quả giấy tờ,A110 - Quầy trả kết quả giấy tờ,Trả/nhận hồ sơ,Hành chính / tiếp nhận,document,Có,TRUE,,standard_flow;insurance_flow;service_flow;priority_support_flow,"trả kết quả giấy tờ, lấy kết quả, trả kết quả, khám xong, thông báo kết quả, kết quả khám",Quầy trả kết quả giấy tờ,
A111,1,Tầng 1 - Tiếp nhận & dịch vụ,Phòng in/photocopy y tế,A111 - Phòng in/photocopy y tế,In sao hồ sơ,Hỗ trợ / Dịch vụ,support,Có,TRUE,"Khu nội bộ, bệnh nhân không cần đến đây.",not_applicable,"in/photocopy y tế, in giấy tờ, copy giấy tờ, phô tô giấy tờ",Phòng in/photocopy y tế,
A112,1,Tầng 1 - Tiếp nhận & dịch vụ,Phòng sơ cứu nhỏ,A112 - Phòng sơ cứu nhỏ,Sơ cứu ban đầu,Hỗ trợ / Dịch vụ,first_aid,Có,TRUE,Có thể tiếp cận bằng xe lăn; người bệnh cần hỗ trợ nên báo nhân viên y tế.,standard_flow;insurance_flow;service_flow;priority_support_flow,"sơ cứu nhỏ, sơ cứu, phòng sơ cứu, xử lý vết thương, chảy máu, bị té/bị ngã, sơ cứu ban đầu, phòng cấp cứu nhỏ, băng bó",Phòng sơ cứu nhỏ,
A113,1,Tầng 1 - Tiếp nhận & dịch vụ,Phòng an ninh-y tế trực,A113 - Phòng an ninh-y tế trực,Hỗ trợ an ninh,Hỗ trợ / Dịch vụ,security,Có,TRUE,Có thể tiếp cận khi cần hỗ trợ; không phải điểm đến thường xuyên của bệnh nhân.,standard_flow;insurance_flow;service_flow;priority_support_flow,"an ninh-y tế trực, lạc, hỗ trợ, nhân viên trực, phòng trực, mất đồ, tìm người nhà, bảo vệ, an ninh, báo sự việc, mất ví, phòng bảo vệ",Phòng an ninh-y tế trực,
A114,1,Tầng 1 - Tiếp nhận & dịch vụ,Kho cấp phát thuốc,A114 - Kho cấp phát thuốc,Cấp phát nội bộ,Nhà thuốc / thuốc,pharmacy_internal,Không/ít,FALSE,"Khu nội bộ, bệnh nhân không cần đến đây.",not_applicable,"kho cấp phát thuốc, lấy thuốc, mua thuốc, tìm mua thuốc, mua thuốc kê đơn",Kho cấp phát thuốc,
A115,1,Tầng 1 - Tiếp nhận & dịch vụ,Quầy thanh toán 1,A115 - Quầy thanh toán 1,Thanh toán,Hành chính / tiếp nhận,cashier,Có,TRUE,,standard_flow;insurance_flow;service_flow;priority_support_flow,"thanh toán 1, thanh toán viện phí, viện phí, trả tiền, nộp tiền, thu phí, thu ngân, đóng tiền",Quầy thanh toán 1,
A116,1,Tầng 1 - Tiếp nhận & dịch vụ,Quầy thanh toán 2,A116 - Quầy thanh toán 2,Thanh toán,Hành chính / tiếp nhận,cashier,Có,TRUE,,standard_flow;insurance_flow;service_flow;priority_support_flow,"thanh toán 2, thanh toán viện phí, viện phí, trả tiền, nộp tiền, thu phí, thu ngân, đóng tiền",Quầy thanh toán 2,
A117,1,Tầng 1 - Tiếp nhận & dịch vụ,Quầy tạm ứng viện phí,A117 - Quầy tạm ứng viện phí,Nộp tạm ứng,Hành chính / tiếp nhận,cashier,Có,TRUE,,standard_flow;insurance_flow;service_flow;priority_support_flow,"tạm ứng viện phí, thanh toán viện phí, viện phí, trả tiền, nộp tiền, thu phí, thu ngân, đóng tiền, tạm ứng",Quầy tạm ứng viện phí,
A118,1,Tầng 1 - Tiếp nhận & dịch vụ,Quầy bảo lãnh viện phí,A118 - Quầy bảo lãnh viện phí,Hỗ trợ bảo lãnh,Hành chính / tiếp nhận,insurance_guarantee,Có,TRUE,,standard_flow;insurance_flow;service_flow;priority_support_flow,"bảo lãnh viện phí, thanh toán viện phí, viện phí, trả tiền, nộp tiền, thu phí, thu ngân, đóng tiền, bảo lãnh",Quầy bảo lãnh viện phí,
A119,1,Tầng 1 - Tiếp nhận & dịch vụ,Điểm gọi hỗ trợ,A119 - Điểm gọi hỗ trợ,Gọi nhân viên,Hỗ trợ / Dịch vụ,help_point,Có,TRUE,"Điểm hỗ trợ dễ tiếp cận cho người cao tuổi, xe lăn và người cần trợ giúp.",standard_flow;insurance_flow;service_flow;priority_support_flow,"điểm gọi hỗ trợ, hỗ trợ, giúp đỡ, quầy hỗ trợ, gọi người trực, gọi nhân viên, nhân viên, người hỗ trợ",Điểm gọi hỗ trợ,
A120,1,Tầng 1 - Tiếp nhận & dịch vụ,Khu chờ đăng ký,A120 - Khu chờ đăng ký,Chờ khám,Khu chờ / ghế chờ,waiting_area,Có,TRUE,,standard_flow;insurance_flow;service_flow;priority_support_flow,"khu chờ đăng ký, ghế ngồi chờ, sảnh chờ, nghỉ chân, chờ đăng ký khám",Khu chờ đăng ký,
A121,1,Tầng 1 - Tiếp nhận & dịch vụ,Phòng công tác xã hội,A121 - Phòng công tác xã hội,Hỗ trợ yếu thế,Hỗ trợ / Dịch vụ,social_work,Có,TRUE,Phù hợp người cần hỗ trợ đặc biệt; có thể đến bằng hành lang rộng.,standard_flow;insurance_flow;service_flow;priority_support_flow,"công tác xã hội, xin hỗ trợ, hỗ trợ viện phí, không đủ tiền, quỹ hỗ trợ, tư vấn hỗ trợ viện phí, hỗ trợ chi phí, người phụ trách",Phòng công tác xã hội,
A122,1,Tầng 1 - Tiếp nhận & dịch vụ,Phòng hỗ trợ người cao tuổi,A122 - Phòng hỗ trợ người cao tuổi,Ưu tiên hỗ trợ,Hỗ trợ / Dịch vụ,elderly_support,Có,TRUE,"Ưu tiên cho người cao tuổi, người hạn chế vận động và người cần trợ giúp.","service_flow;priority_support_flow
","hỗ trợ người cao tuổi, xin hỗ trợ, giúp đỡ, giúp, người cao tuổi",Phòng hỗ trợ người cao tuổi,
A123,1,Tầng 1 - Tiếp nhận & dịch vụ,Phòng chăm sóc khách hàng,A123 - Phòng chăm sóc khách hàng,Hỗ trợ bệnh nhân,Hỗ trợ / Dịch vụ,customer_service,Có,TRUE,Có thể đến bằng hành lang rộng; phù hợp người bệnh cần hỏi thông tin.,standard_flow;insurance_flow;service_flow;priority_support_flow,"chăm sóc khách hàng, tư vấn dịch vụ",Phòng chăm sóc khách hàng,
A124,1,Tầng 1 - Tiếp nhận & dịch vụ,Nhà thuốc,A124 - Nhà thuốc,Nhận thuốc,Nhà thuốc / thuốc,pharmacy,Có,TRUE,"Nằm ở gần cổng ra vào, có thể đến bằng hành lang rộng; xe lăn có thể tiếp cận.",standard_flow;insurance_flow;service_flow;priority_support_flow,"nhà thuốc, mua thuốc, thuốc kê dơn, đơn thuốc, lấy thuốc",Nhà thuốc,
A125,1,Tầng 1 - Tiếp nhận & dịch vụ,Quầy tư vấn dùng thuốc,A125 - Quầy tư vấn dùng thuốc,Hướng dẫn dùng thuốc,Nhà thuốc / thuốc,pharmacy_advice,Có,TRUE,"Nằm ở gần cổng ra vào, có thể đến bằng hành lang rộng; xe lăn có thể tiếp cận.",standard_flow;insurance_flow;service_flow;priority_support_flow,"tư vấn dùng thuốc, cách dùng thuốc, thông tin thuốc, mua thêm thuốc, hỏi đáp thuốc",Quầy tư vấn dùng thuốc,
ENT-1-01,1,Tầng 1 - POI cố định,Lối vào chính,ENT-1-01 - Lối vào chính,Điểm bắt đầu hành trình bệnh nhân,Thang máy / cầu thang / hành lang,entrance,Có,TRUE,"Có lối vào rộng, xe lăn có thể đi qua.",standard_flow;insurance_flow;service_flow;priority_support_flow,"lối vào chính, cửa chính, cửa lớn, lối vào ban đầu, đường đi ban đầu, cửa vào bệnh viện",,"Mã POI riêng, không trùng mã phòng A###"
HALL-1-MAIN,1,Tầng 1 - POI cố định,Hành lang chính tầng 1,HALL-1-MAIN - Hành lang chính tầng 1,Trục di chuyển chính qua sảnh chờ trung tâm,Thang máy / cầu thang / hành lang,hallway,Có,TRUE,,standard_flow;insurance_flow;service_flow;priority_support_flow,hành lang chính tầng 1,,"Mã POI riêng, không trùng mã phòng A###"
HALL-1-BRANCH,1,Tầng 1 - POI cố định,Hành lang nhánh tầng 1,HALL-1-BRANCH - Hành lang nhánh tầng 1,Nhánh chữ L nối sang cụm quầy dịch vụ,Thang máy / cầu thang / hành lang,hallway,Có,TRUE,,standard_flow;insurance_flow;service_flow;priority_support_flow,hành lang nhánh tầng 1,,"Mã POI riêng, không trùng mã phòng A###"
WAIT-1-CENTER,1,Tầng 1 - POI cố định,Sảnh chờ trung tâm,WAIT-1-CENTER - Sảnh chờ trung tâm,"Ghế chờ/lấy số; có màn hình số thứ tự, loa đọc hướng dẫn, lối xe lăn",Khu chờ / ghế chờ,waiting_area,Có,TRUE,,standard_flow;insurance_flow;service_flow;priority_support_flow,"sảnh chờ trung tâm, sảnh chờ, sảnh chờ lớn, sảnh chờ chính",,"Mã POI riêng, không trùng mã phòng A###"
WAIT-1-BRANCH,1,Tầng 1 - POI cố định,Khu chờ nhánh tầng 1,WAIT-1-BRANCH - Khu chờ nhánh tầng 1,Ghế chờ tại nhánh chữ L,Khu chờ / ghế chờ,waiting_area,Có,TRUE,,standard_flow;insurance_flow;service_flow;priority_support_flow,khu chờ nhánh tầng 1,,"Mã POI riêng, không trùng mã phòng A###"
ELEV-1A,1,Tầng 1 - POI cố định,Thang máy khu A tầng 1,ELEV-1A - Thang máy khu A tầng 1,"Di chuyển tầng, ưu tiên cho người già/người đi xe lăn",Thang máy / cầu thang / hành lang,elevator,Có,TRUE,"Phù hợp mọi đối tượng, nên ưu tiên cho người đi xe lăn, người cao tuổi và người hạn chế vận động.",standard_flow;insurance_flow;service_flow;priority_support_flow,"thang máy khu a tầng 1, tháng máy tầng 1",,"Mã POI riêng, không trùng mã phòng A###"
STAIR-1A,1,Tầng 1 - POI cố định,Cầu thang bộ khu A tầng 1,STAIR-1A - Cầu thang bộ khu A tầng 1,Di chuyển tầng bằng thang bộ,Thang máy / cầu thang / hành lang,stair,Có,FALSE,Không phù hợp với xe lăn,standard_flow;insurance_flow;service_flow,"cầu thang bộ khu a tầng 1, thang bộ tầng 1 khu a, cầu thang tầng 1 khu a, khu a, đường đi lên tầng 2",,"Mã POI riêng, không trùng mã phòng A###"
ELEV-1B,1,Tầng 1 - POI cố định,Thang máy khu B tầng 1,ELEV-1B - Thang máy khu B tầng 1,Di chuyển tầng tại nhánh chữ L,Thang máy / cầu thang / hành lang,elevator,Có,TRUE,"Phù hợp mọi đối tượng, nên ưu tiên cho người đi xe lăn, người cao tuổi và người hạn chế vận động.",standard_flow;insurance_flow;service_flow;priority_support_flow,"thang máy khu b tầng 1, thang máy tầng 1, đường đi lên tầng 2, thang máy",,"Mã POI riêng, không trùng mã phòng A###"
STAIR-1B,1,Tầng 1 - POI cố định,Cầu thang bộ khu B tầng 1,STAIR-1B - Cầu thang bộ khu B tầng 1,Di chuyển tầng bằng thang bộ tại nhánh chữ L,Thang máy / cầu thang / hành lang,stair,Có,FALSE,Không phù hợp với xe lăn,standard_flow;insurance_flow;service_flow,"cầu thang bộ khu b tầng 1, cầu thang bộ, cầu thang tầng 1, đường đi lên tầng 2",,"Mã POI riêng, không trùng mã phòng A###"
WC-1A-M,1,Tầng 1 - POI cố định,WC nam khu A tầng 1,WC-1A-M - WC nam khu A tầng 1,Vệ sinh nam,WC / tiếp cận,restroom_cluster,Có,TRUE,Có buồng WC tiếp cận xe lăn trong khối WC.,standard_flow;insurance_flow;service_flow;priority_support_flow,"wc nam khu a tầng 1, phòng vệ sinh, khu vệ sinh, rửa tay, soi gương, vệ sinh gần khu A, vệ sinh tầng 1",,"Mã POI riêng, không trùng mã phòng A###"
WC-1A-F,1,Tầng 1 - POI cố định,WC nữ khu A tầng 1,WC-1A-F - WC nữ khu A tầng 1,Vệ sinh nữ,WC / tiếp cận,restroom_cluster,Có,TRUE,Có buồng WC tiếp cận xe lăn trong khối WC.,standard_flow;insurance_flow;service_flow;priority_support_flow,"wc nữ khu a tầng 1,  phòng vệ sinh, khu vệ sinh, rửa tay, soi gương, vệ sinh gần khu A, vệ sinh tầng 1",,"Mã POI riêng, không trùng mã phòng A###"
WC-1A-ACC,1,Tầng 1 - POI cố định,WC xe lăn khu A tầng 1,WC-1A-ACC - WC xe lăn khu A tầng 1,WC cho người khuyết tật/người đi xe lăn,WC / tiếp cận,restroom_cluster,Có,TRUE,Có buồng WC tiếp cận xe lăn trong khối WC.,standard_flow;insurance_flow;service_flow;priority_support_flow,"wc xe lăn khu a tầng 1,  phòng vệ sinh, khu vệ sinh, rửa tay, soi gương, vệ sinh xe lăn khu A, vệ sinh tầng 1",,"Mã POI riêng, không trùng mã phòng A###"
WC-1B-M,1,Tầng 1 - POI cố định,WC nam khu B tầng 1,WC-1B-M - WC nam khu B tầng 1,Vệ sinh nam,WC / tiếp cận,restroom_cluster,Có,TRUE,Có buồng WC tiếp cận xe lăn trong khối WC.,standard_flow;insurance_flow;service_flow;priority_support_flow,"wc nam khu b tầng 1,  phòng vệ sinh, khu vệ sinh, rửa tay, soi gương, vệ sinh gần khu B, vệ sinh tầng 1",,"Mã POI riêng, không trùng mã phòng A###"
WC-1B-F,1,Tầng 1 - POI cố định,WC nữ khu B tầng 1,WC-1B-F - WC nữ khu B tầng 1,Vệ sinh nữ,WC / tiếp cận,restroom_cluster,Có,TRUE,Có buồng WC tiếp cận xe lăn trong khối WC.,standard_flow;insurance_flow;service_flow;priority_support_flow,"wc nữ khu b tầng 1,  phòng vệ sinh, khu vệ sinh, rửa tay, soi gương, vệ sinh gần khu B, vệ sinh tầng 1",,"Mã POI riêng, không trùng mã phòng A###"
WC-1B-ACC,1,Tầng 1 - POI cố định,WC xe lăn khu B tầng 1,WC-1B-ACC - WC xe lăn khu B tầng 1,WC cho người khuyết tật/người đi xe lăn,WC / tiếp cận,restroom_cluster,Có,TRUE,Có buồng WC tiếp cận xe lăn trong khối WC.,standard_flow;insurance_flow;service_flow;priority_support_flow,"wc xe lăn khu b tầng 1, , vệ sinh gần khu B, vệ sinh tầng 1",,"Mã POI riêng, không trùng mã phòng A###"
A201,2,Tầng 2 - Khám lâm sàng,PK Nội tổng quát 1,A201 - PK Nội tổng quát 1,Khám ban đầu,Khám lâm sàng,clinic,Có,TRUE,,standard_flow;insurance_flow;service_flow;priority_support_flow,"phòng khám nội tổng quát 1, nội tổng quát, khám nội, phòng khám nội, khám tổng quát, phòng khám chính, khám bệnh thông thường, kiểm tra sức khỏe, khám sức khỏe",PK Nội tổng quát 1,
A202,2,Tầng 2 - Khám lâm sàng,PK Nội tổng quát 2,A202 - PK Nội tổng quát 2,Khám nội khoa,Khám lâm sàng,clinic,Có,TRUE,,standard_flow;insurance_flow;service_flow;priority_support_flow,"phòng khám nội tổng quát 2, nội tổng quát, khám nội, phòng khám nội, khám tổng quát, phòng khám chính, khám bệnh thông thường, kiểm tra sức khỏe, khám sức khỏe",PK Nội tổng quát 2,
A203,2,Tầng 2 - Khám lâm sàng,PK Tim mạch 1,A203 - PK Tim mạch 1,Khám tim,Khám lâm sàng,clinic,Có,TRUE,,standard_flow;insurance_flow;service_flow;priority_support_flow,"phòng khám tim mạch 1, tim mạch, đo điện tim, khám bệnh tim, tim đập nhanh, bác sĩ tim mạch, điện tim đồ",PK Tim mạch 1,
A204,2,Tầng 2 - Khám lâm sàng,PK Tim mạch 2,A204 - PK Tim mạch 2,Tái khám tim,Khám lâm sàng,clinic,Có,TRUE,,standard_flow;insurance_flow;service_flow;priority_support_flow,"phòng khám tim mạch 2, tim mạch, đo điện tim, khám bệnh tim, tim đập nhanh, bác sĩ tim mạch, điện tim đồ",PK Tim mạch 2,
A205,2,Tầng 2 - Khám lâm sàng,PK Hô hấp 1,A205 - PK Hô hấp 1,Khám hô hấp,Khám lâm sàng,clinic,Có,TRUE,,standard_flow;insurance_flow;service_flow;priority_support_flow,"phòng khám hô hấp 1, hô hấp, khám hô hấp, khám phổi, soi họng, nội soi phế quản, đo chức năng hô hấp, kiểm tra phổi, kiểm tra đường hô hấp",PK Hô hấp 1,
A206,2,Tầng 2 - Khám lâm sàng,PK Hô hấp 2,A206 - PK Hô hấp 2,Tái khám hô hấp,Khám lâm sàng,clinic,Có,TRUE,,standard_flow;insurance_flow;service_flow;priority_support_flow,"phòng khám hô hấp 2, hô hấp, khám hô hấp, khám phổi, soi họng, nội soi phế quản, đo chức năng hô hấp, kiểm tra phổi, kiểm tra đường hô hấp",PK Hô hấp 2,
A207,2,Tầng 2 - Khám lâm sàng,PK Tiêu hóa 1,A207 - PK Tiêu hóa 1,Khám tiêu hóa,Khám lâm sàng,clinic,Có,TRUE,,standard_flow;insurance_flow;service_flow;priority_support_flow,"phòng khám tiêu hóa 1, dạ dày, nội soi dạ dày, nội soi đại tràng, vấn đề tiêu hóa, siêu âm ổ bụng, kiểm tra đường ruột",PK Tiêu hóa 1,
A208,2,Tầng 2 - Khám lâm sàng,PK Tiêu hóa 2,A208 - PK Tiêu hóa 2,Đọc kết quả,Khám lâm sàng,clinic,Có,TRUE,,standard_flow;insurance_flow;service_flow;priority_support_flow,"phòng khám tiêu hóa 2, dạ dày, nội soi dạ dày, nội soi đại tràng, vấn đề tiêu hóa, siêu âm ổ bụng, kiểm tra đường ruột",PK Tiêu hóa 2,
A209,2,Tầng 2 - Khám lâm sàng,PK Nội tiết 1,A209 - PK Nội tiết 1,Khám nội tiết,Khám lâm sàng,clinic,Có,TRUE,,standard_flow;insurance_flow;service_flow;priority_support_flow,"phòng khám nội tiết 1, khám tiểu đường, khám nội tiết, đo đường huyết, tuyết giáp, xét nghiệm đường máu, tiêu insulin, tái khám tiểu đường",PK Nội tiết 1,
A210,2,Tầng 2 - Khám lâm sàng,PK Nội tiết 2,A210 - PK Nội tiết 2,Tư vấn nội tiết,Khám lâm sàng,clinic,Có,TRUE,,standard_flow;insurance_flow;service_flow;priority_support_flow,"phòng khám nội tiết 2, khám tiểu đường, khám nội tiết, đo đường huyết, tuyết giáp, xét nghiệm đường máu, tiêu insulin, tái khám tiểu đường",PK Nội tiết 2,
A211,2,Tầng 2 - Khám lâm sàng,PK Cơ xương khớp 1,A211 - PK Cơ xương khớp 1,Khám khớp,Khám lâm sàng,clinic,Có,TRUE,,standard_flow;insurance_flow;service_flow;priority_support_flow,"phòng khám cơ xương khớp 1, xương khớp, khám khớp gối, gout, đo mật độ xương, khám đau mỏi vai gáy, khám cột sống, cong vẹo cột sống, vật lý trị liệu, trị liệu thần kinh, phục hồi chức năng",PK Cơ xương khớp 1,
A212,2,Tầng 2 - Khám lâm sàng,PK Cơ xương khớp 2,A212 - PK Cơ xương khớp 2,Tái khám khớp,Khám lâm sàng,clinic,Có,TRUE,,standard_flow;insurance_flow;service_flow;priority_support_flow,"phòng khám cơ xương khớp 2, xương khớp, khám khớp gối, gout, đo mật độ xương, khám đau mỏi vai gáy, khám cột sống, cong vẹo cột sống, vật lý trị liệu, trị liệu thần kinh, phục hồi chức năng",PK Cơ xương khớp 2,
A213,2,Tầng 2 - Khám lâm sàng,PK Thần kinh 1,A213 - PK Thần kinh 1,Khám thần kinh,Khám lâm sàng,clinic,Có,TRUE,,standard_flow;insurance_flow;service_flow;priority_support_flow,"phòng khám thần kinh 1, đo điện não, đo điện cơ, khám đột quỵ, khám thần kinh, tái khám đột quỵ, khám Parkinson, kiểm tra dây thần kinh, khám động kinh, khám sa sút trí tuệ, đọc kết quả điện não, đọc kết quả điện cơ, tái khám thần kinh",PK Thần kinh 1,
A214,2,Tầng 2 - Khám lâm sàng,PK Thần kinh 2,A214 - PK Thần kinh 2,Đọc kết quả,Khám lâm sàng,clinic,Có,TRUE,,standard_flow;insurance_flow;service_flow;priority_support_flow,"phòng khám thần kinh 2, đo điện não, đo điện cơ, khám đột quỵ, khám thần kinh, tái khám đột quỵ, khám Parkinson, kiểm tra dây thần kinh, khám động kinh, khám sa sút trí tuệ, đọc kết quả điện não, đọc kết quả điện cơ, tái khám thần kinh",PK Thần kinh 2,
A215,2,Tầng 2 - Khám lâm sàng,PK Da liễu,A215 - PK Da liễu,Khám da,Khám lâm sàng,clinic,Có,TRUE,,standard_flow;insurance_flow;service_flow;priority_support_flow,"phòng khám da liễu, khám da liễu, khám bệnh ngoài da, soi da, đốt mụn cóc, khám nấm da, khám chàm, khám vảy nến, tái khám da liễu, soi nấm da, khám dị ứng da, khám viêm da",PK Da liễu,
A216,2,Tầng 2 - Khám lâm sàng,PK Tai mũi họng,A216 - PK Tai mũi họng,Khám TMH,Khám lâm sàng,clinic,Có,TRUE,,standard_flow;insurance_flow;service_flow;priority_support_flow,"phòng khám tai mũi họng, nội soi tai mũi họng, nội soi mũi, kiểm tra thính lực, đo thính lực, lấy ráy tai, khám viêm xoang, khám amidan, nội soi thanh quản, khám viêm tai giữa, khám dị ứng mũi, khám dây thanh quản, lấy dị vật tai, mũi hoặc họng",PK Tai mũi họng,
A217,2,Tầng 2 - Khám lâm sàng,PK Mắt,A217 - PK Mắt,Khám mắt,Khám lâm sàng,clinic,Có,TRUE,,standard_flow;insurance_flow;service_flow;priority_support_flow,"phòng khám mắt, đo thị lực, đo kính, soi đáy mắt, khám đục thủy tinh thể, khám tăng nhãn áp, đo nhãn áp, tái khám mắt, đo khúc xạ, khám trước/sau phẫu thuật mắt, khám võng mạc",PK Mắt,
A218,2,Tầng 2 - Khám lâm sàng,PK Răng hàm mặt,A218 - PK Răng hàm mặt,Khám răng miệng,Khám lâm sàng,clinic,Có,TRUE,,standard_flow;insurance_flow;service_flow;priority_support_flow,"phòng khám răng hàm mặt, khám răng, nhổ răng, nhổ răng khôn, hàn răng, lấy cao răng, niềng răng, bọc răng sứ, chữa tủy răng, trám răng, điều trị tủy, chỉnh nha, tẩy trắng răng, trồng răng, nhổ chân răng",PK Răng hàm mặt,
A219,2,Tầng 2 - Khám lâm sàng,PK Sản phụ khoa,A219 - PK Sản phụ khoa,Khám sản/phụ khoa,Khám lâm sàng,clinic,Có,TRUE,,standard_flow;insurance_flow;service_flow;priority_support_flow,"phòng khám sản phụ khoa, khám phụ khoa, siêu âm thai, khám thai, khám tiền sản, khám sức khỏe sinh sản, xét nghiệm phụ khoa, siêu âm thai, theo dõi thai kỳ, khám sản, tư vấn sinh sản",PK Sản phụ khoa,
A220,2,Tầng 2 - Khám lâm sàng,PK Nhi,A220 - PK Nhi,Khám trẻ em,Khám lâm sàng,clinic,Có,TRUE,,standard_flow;insurance_flow;service_flow;priority_support_flow,"phòng khám nhi, khám cho bé, khám tổng quát cho trẻ, khám dinh dưỡng, tiêm chủng, khám sơ sinh, tiêm vaccine, khám định kỳ cho bé, khám sức khỏe trẻ em",PK Nhi,
A221,2,Tầng 2 - Khám lâm sàng,Phòng tư vấn dinh dưỡng,A221 - Phòng tư vấn dinh dưỡng,Tư vấn ăn uống,Khám lâm sàng,clinical_support,Có,TRUE,,standard_flow;insurance_flow;service_flow;priority_support_flow,"phòng tư vấn dinh dưỡng, tư vấn chế độ ăn, chuyên gia dinh dưỡng, tư vấn thực đơn, tư vấn giảm cân, dinh dưỡng cho trẻ em, tư vấn dinh dưỡng cho người bệnh, tư vấn chế độ ăn, xây dựng thực đơn, chuyên gia dinh dưỡng",Phòng tư vấn dinh dưỡng,
A222,2,Tầng 2 - Khám lâm sàng,Phòng tư vấn tâm lý cơ bản,A222 - Phòng tư vấn tâm lý cơ bản,Tư vấn tâm lý,Khám lâm sàng,clinical_support,Có,TRUE,,standard_flow;insurance_flow;service_flow;priority_support_flow,"phòng tư vấn tâm lý cơ bản, khám tâm lý, tham vấn tâm lý, đánh giá tâm lý, tư vấn sức khỏe tinh thần, nhà tâm lý, bác sĩ tâm lý, tư vấn cảm xúc, trị liệu tâm lý, trị liệu cá nhân, tư vấn tâm lý học đường",Phòng tư vấn tâm lý cơ bản,
A223,2,Tầng 2 - Khám lâm sàng,Phòng điều dưỡng,A223 - Phòng điều dưỡng,Hỗ trợ điều dưỡng,Khám lâm sàng,clinical_support,Có,TRUE,,standard_flow;insurance_flow;service_flow;priority_support_flow,"phòng điều dưỡng, thay băng, cắt chỉ, tiêm thuốc, truyền dịch, chăm sóc vết thương, đo huyết áp, chăm sóc điều dưỡng",Phòng điều dưỡng,
A224,2,Tầng 2 - Khám lâm sàng,Phòng thủ thuật nhỏ,A224 - Phòng thủ thuật nhỏ,Thủ thuật,Khám lâm sàng,clinical_support,Có,TRUE,,standard_flow;insurance_flow;service_flow;priority_support_flow,"phòng thủ thuật nhỏ, lấy dị vật, chích áp xe, băng ép vết thương, làm thủ thuật nhỉ, thay băng vết thương, rửa vết thương, sát khuẩn vết thương, khâu vết thường",Phòng thủ thuật nhỏ,
A225,2,Tầng 2 - Khám lâm sàng,Phòng tiêm-truyền ngắn,A225 - Phòng tiêm-truyền ngắn,"Tiêm, truyền",Khám lâm sàng,clinical_support,Có,TRUE,,standard_flow;insurance_flow;service_flow;priority_support_flow,"phòng tiêm-truyền ngắn, tiêm thuốc, truyền dịch, truyền nước, truyền thuốc, tiêm kháng sinh, tiêm theo chỉ định, phòng tiêm, truyền tĩnh mạch, phòng truyền dịch, truyền đạm",Phòng tiêm-truyền ngắn,
A226,2,Tầng 2 - Khám lâm sàng,Phòng đo sinh hiệu,A226 - Phòng đo sinh hiệu,"HA, mạch",Khám lâm sàng,clinical_support,Có,TRUE,,standard_flow;insurance_flow;service_flow;priority_support_flow,"phòng đo sinh hiệu, đo huyết áp, đo chiều cao, đo cân nặng, đo nhiệt độ, đo sinh hiệu, kiểm tra sinh hiệu, đo nhịp thở, đo oxy máu, đo nhịp thở, kiểm tra chỉ số sức khỏe, đo chỉ số ban đầu, đo nhịp tim, đo mạch",Phòng đo sinh hiệu,
A227,2,Tầng 2 - Khám lâm sàng,Phòng đọc kết quả tổng hợp 2,A227 - Phòng đọc kết quả tổng hợp 2,Tái khám sau CLS,Khám lâm sàng,clinical_support,Có,TRUE,,standard_flow;insurance_flow;service_flow;priority_support_flow,"phòng đọc kết quả tổng hợp 2, lấy kết quả, xem kết quả xét nghiệm, trả kết quả, nhận kết quả kiểm tra, đọc kết quả siêu âm, đọc kết quả X-quang, lấy kết quả, nhận phiếu kết quả, xem kết quả chẩn đoán hình ảnh",Phòng đọc kết quả tổng hợp 2,
A228,2,Tầng 2 - Khám lâm sàng,Phòng đọc kết quả tổng hợp 1,A228 - Phòng đọc kết quả tổng hợp 1,Bác sĩ đọc kết quả,Khám lâm sàng,clinical_support,Có,TRUE,,standard_flow;insurance_flow;service_flow;priority_support_flow,"phòng đọc kết quả tổng hợp 1, lấy kết quả, xem kết quả xét nghiệm, trả kết quả, nhận kết quả kiểm tra, đọc kết quả siêu âm, đọc kết quả X-quang, lấy kết quả, nhận phiếu kết quả, xem kết quả chẩn đoán hình ảnh",Phòng đọc kết quả tổng hợp 1,
HALL-2-MAIN,2,Tầng 1 - POI cố định,Hành lang chính tầng 2,HALL-2-MAIN - Hành lang chính tầng 2,Trục di chuyển chính qua sảnh chờ trung tâm,Thang máy / cầu thang / hành lang,hallway,Có,TRUE,,standard_flow;insurance_flow;service_flow;priority_support_flow,"hành lang chính tầng 2, sảnh chính, hành lang đi lại, hành lang",,"Mã POI riêng, không trùng mã phòng A###"
HALL-2-BRANCH,2,Tầng 2 - POI cố định,Hành lang nhánh tầng 2,HALL-2-BRANCH - Hành lang nhánh tầng 2,Nhánh chữ L nối cụm phòng khám 2,Thang máy / cầu thang / hành lang,hallway,Có,TRUE,,standard_flow;insurance_flow;service_flow;priority_support_flow,"hành lang nhánh tầng 2, sảnh chính, hành lang đi lại, hành lang",,"Mã POI riêng, không trùng mã phòng A###"
WAIT-2-01,2,Tầng 2 - POI cố định,Khu chờ khám 1,WAIT-2-01 - Khu chờ khám 1,Ghế chờ trước cụm phòng khám chính,Khu chờ / ghế chờ,waiting_area,Có,TRUE,,standard_flow;insurance_flow;service_flow;priority_support_flow,"khu chờ khám 1, chỗ ngồi, ghế ngồi chờ, chỗ chờ khám, khu ngồi chờ khám ",,"Mã POI riêng, không trùng mã phòng A###"
WAIT-2-02,2,Tầng 2 - POI cố định,Khu chờ khám 2,WAIT-2-02 - Khu chờ khám 2,Ghế chờ trước cụm phòng khám nhánh,Khu chờ / ghế chờ,waiting_area,Có,TRUE,,standard_flow;insurance_flow;service_flow;priority_support_flow,"khu chờ khám 2, chỗ ngồi, ghế ngồi chờ, chỗ chờ khám, khu ngồi chờ khám",,"Mã POI riêng, không trùng mã phòng A###"
ELEV-2A,2,Tầng 2 - POI cố định,Thang máy khu A tầng 2,ELEV-2A - Thang máy khu A tầng 2,"Di chuyển tầng, ưu tiên người già/người đi xe lăn",Thang máy / cầu thang / hành lang,elevator,Có,TRUE,"Phù hợp mọi đối tượng, nên ưu tiên cho người đi xe lăn, người cao tuổi và người hạn chế vận động.",standard_flow;insurance_flow;service_flow;priority_support_flow,"thang máy khu a tầng 2, thang máy, đi lên tầng, đi xuống tầng 1, đi lên tầng 3, thang máy gần khu a",,"Mã POI riêng, không trùng mã phòng A###"
STAIR-2A,2,Tầng 2 - POI cố định,Cầu thang bộ khu A tầng 2,STAIR-2A - Cầu thang bộ khu A tầng 2,Di chuyển tầng bằng thang bộ,Thang máy / cầu thang / hành lang,stair,Có,FALSE,Không phù hợp với xe lăn,standard_flow;insurance_flow;service_flow,"cầu thang bộ khu a tầng 2, cầu thang, thang bộ khu a, lên tầng, xuống tầng, đi bộ xuống, đi bộ lên",,"Mã POI riêng, không trùng mã phòng A###"
ELEV-2B,2,Tầng 2 - POI cố định,Thang máy khu B tầng 2,ELEV-2B - Thang máy khu B tầng 2,Di chuyển tầng tại nhánh chữ L,Thang máy / cầu thang / hành lang,elevator,Có,TRUE,"Phù hợp mọi đối tượng, nên ưu tiên cho người đi xe lăn, người cao tuổi và người hạn chế vận động.",standard_flow;insurance_flow;service_flow;priority_support_flow,"thang máy khu b tầng 2,thang máy, đi lên tầng, đi xuống tầng 1, đi lên tầng 3, thang máy gần khu b",,"Mã POI riêng, không trùng mã phòng A###"
STAIR-2B,2,Tầng 2 - POI cố định,Cầu thang bộ khu B tầng 2,STAIR-2B - Cầu thang bộ khu B tầng 2,Di chuyển tầng bằng thang bộ tại nhánh chữ L,Thang máy / cầu thang / hành lang,stair,Có,FALSE,Không phù hợp với xe lăn,standard_flow;insurance_flow;service_flow,"cầu thang bộ khu b tầng 2,cầu thang, thang bộ khu b, lên tầng, xuống tầng, đi bộ xuống, đi bộ lên",,"Mã POI riêng, không trùng mã phòng A###"
WC-2A-M,2,Tầng 2 - POI cố định,WC nam khu A tầng 2,WC-2A-M - WC nam khu A tầng 2,Vệ sinh nam,WC / tiếp cận,restroom_cluster,Có,TRUE,Có buồng WC tiếp cận xe lăn trong khối WC.,standard_flow;insurance_flow;service_flow;priority_support_flow,"wc nam khu a tầng 2, vệ sinh tầng 2, nhà vệ sinh, khu vệ sinh, rửa mặt, rửa tay",,"Mã POI riêng, không trùng mã phòng A###"
WC-2A-F,2,Tầng 2 - POI cố định,WC nữ khu A tầng 2,WC-2A-F - WC nữ khu A tầng 2,Vệ sinh nữ,WC / tiếp cận,restroom_cluster,Có,TRUE,Có buồng WC tiếp cận xe lăn trong khối WC.,standard_flow;insurance_flow;service_flow;priority_support_flow,"wc nữ khu a tầng 2, vệ sinh tầng 2, nhà vệ sinh, khu vệ sinh, rửa mặt, rửa tay",,"Mã POI riêng, không trùng mã phòng A###"
WC-2A-ACC,2,Tầng 2 - POI cố định,WC xe lăn khu A tầng 2,WC-2A-ACC - WC xe lăn khu A tầng 2,WC cho người khuyết tật/người đi xe lăn,WC / tiếp cận,restroom_cluster,Có,TRUE,Có buồng WC tiếp cận xe lăn trong khối WC.,standard_flow;insurance_flow;service_flow;priority_support_flow,"wc xe lăn khu a tầng 2, vệ sinh tầng 2, nhà vệ sinh, khu vệ sinh, rửa mặt, rửa tay",,"Mã POI riêng, không trùng mã phòng A###"
WC-2B-M,2,Tầng 2 - POI cố định,WC nam khu B tầng 2,WC-2B-M - WC nam khu B tầng 2,Vệ sinh nam,WC / tiếp cận,restroom_cluster,Có,TRUE,Có buồng WC tiếp cận xe lăn trong khối WC.,standard_flow;insurance_flow;service_flow;priority_support_flow,"wc nam khu b tầng 2, vệ sinh tầng 2, nhà vệ sinh, khu vệ sinh, rửa mặt, rửa tay",,"Mã POI riêng, không trùng mã phòng A###"
WC-2B-F,2,Tầng 2 - POI cố định,WC nữ khu B tầng 2,WC-2B-F - WC nữ khu B tầng 2,Vệ sinh nữ,WC / tiếp cận,restroom_cluster,Có,TRUE,Có buồng WC tiếp cận xe lăn trong khối WC.,standard_flow;insurance_flow;service_flow;priority_support_flow,"wc nữ khu b tầng 2, vệ sinh tầng 2, nhà vệ sinh, khu vệ sinh, rửa mặt, rửa tay",,"Mã POI riêng, không trùng mã phòng A###"
WC-2B-ACC,2,Tầng 2 - POI cố định,WC xe lăn khu B tầng 2,WC-2B-ACC - WC xe lăn khu B tầng 2,WC cho người khuyết tật/người đi xe lăn,WC / tiếp cận,restroom_cluster,Có,TRUE,Có buồng WC tiếp cận xe lăn trong khối WC.,standard_flow;insurance_flow;service_flow;priority_support_flow,"wc xe lăn khu b tầng 2, vệ sinh tầng 2, nhà vệ sinh, khu vệ sinh, rửa mặt, rửa tay",,"Mã POI riêng, không trùng mã phòng A###"
A301,3,Tầng 3 - Cận lâm sàng & CĐHA,Khu tiếp nhận CLS,A301 - Khu tiếp nhận CLS,Xác nhận phiếu,Cận lâm sàng / Chẩn đoán hình ảnh,lab,Có,TRUE,,standard_flow;insurance_flow;service_flow;priority_support_flow,"khu tiếp nhận cls, đăng ký siêu âm, đăng ký CT, đăng ký MRI, tiếp nhận cận lâm sàng, làm cận lâm sàng, đăng ký xét nghiệm, làm xét nghiệm ",Khu tiếp nhận CLS,
A302,3,Tầng 3 - Cận lâm sàng & CĐHA,Quầy lấy số xét nghiệm,A302 - Quầy lấy số xét nghiệm,Lấy số,Cận lâm sàng / Chẩn đoán hình ảnh,lab,Có,TRUE,,standard_flow;insurance_flow;service_flow;priority_support_flow,"quầy lấy số xét nghiệm, lấy số thứ tự xét nghiệm, xếp hàng lấy số, xem số thứ tự, thủ tục xếp hàng",Quầy lấy số xét nghiệm,
A303,3,Tầng 3 - Cận lâm sàng & CĐHA,Phòng lấy máu 1,A303 - Phòng lấy máu 1,Lấy mẫu,Cận lâm sàng / Chẩn đoán hình ảnh,lab,Có,TRUE,,standard_flow;insurance_flow;service_flow;priority_support_flow,"phòng lấy máu 1, xét nghiệm máu, lấy máu xét nghiệm, lấy máu theo chỉ định, phòng lấy máu, lấy mẫu bệnh phẩm, lấy máu tổng quát, lấy mẫu tĩnh mạch",Phòng lấy máu 1,
A304,3,Tầng 3 - Cận lâm sàng & CĐHA,Phòng lấy máu 2,A304 - Phòng lấy máu 2,Lấy mẫu,Cận lâm sàng / Chẩn đoán hình ảnh,lab,Có,TRUE,,standard_flow;insurance_flow;service_flow;priority_support_flow,"phòng lấy máu 2, xét nghiệm máu, lấy máu xét nghiệm, lấy máu theo chỉ định, phòng lấy máu, lấy mẫu bệnh phẩm, lấy máu tổng quát, lấy mẫu tĩnh mạch",Phòng lấy máu 2,
A305,3,Tầng 3 - Cận lâm sàng & CĐHA,Phòng xét nghiệm sinh hóa,A305 - Phòng xét nghiệm sinh hóa,Xét nghiệm,Cận lâm sàng / Chẩn đoán hình ảnh,lab,Có,TRUE,,standard_flow;insurance_flow;service_flow;priority_support_flow,"phòng xét nghiệm sinh hóa, xét nghiệm đường huyết, xét nghiệm chức năng gan, xét nghiệm chức năng thận, xét nghiệm mỡ máu, xét nghiệm sinh hóa, xét nghiệm điện giải, xét nghiệm đường huyết, kiểm tra đường huyết, men gan",Phòng xét nghiệm sinh hóa,
A306,3,Tầng 3 - Cận lâm sàng & CĐHA,Phòng xét nghiệm huyết học,A306 - Phòng xét nghiệm huyết học,Xét nghiệm,Cận lâm sàng / Chẩn đoán hình ảnh,lab,Có,TRUE,,standard_flow;insurance_flow;service_flow;priority_support_flow,"phòng xét nghiệm huyết học, công thức máu, xét nghiệm đông máu, xét nghiệm huyết học, hồng cầu, bạch cầu",Phòng xét nghiệm huyết học,
A307,3,Tầng 3 - Cận lâm sàng & CĐHA,Phòng xét nghiệm nước tiểu,A307 - Phòng xét nghiệm nước tiểu,Xét nghiệm,Cận lâm sàng / Chẩn đoán hình ảnh,lab,Có,TRUE,,standard_flow;insurance_flow;service_flow;priority_support_flow,"phòng xét nghiệm nước tiểu, xét nghiệm nước tiểu, lấy mẫu nước tiểu, kiểm tra nước tiểu, xét nghiệm nước tiểu 10 thông số",Phòng xét nghiệm nước tiểu,
A308,3,Tầng 3 - Cận lâm sàng & CĐHA,Phòng xét nghiệm miễn dịch,A308 - Phòng xét nghiệm miễn dịch,Xét nghiệm,Cận lâm sàng / Chẩn đoán hình ảnh,lab,Có,TRUE,,standard_flow;insurance_flow;service_flow;priority_support_flow,"phòng xét nghiệm miễn dịch, xét nghiệm miễn dịch, xét nghiệm hormone, xét nghiệm nội tiết, marker ung thư, xét nghiệm HIV, xét nghiệm viêm gan, miễn dịch, xét nghiệm kháng thể",Phòng xét nghiệm miễn dịch,
A309,3,Tầng 3 - Cận lâm sàng & CĐHA,Phòng trả kết quả xét nghiệm,A309 - Phòng trả kết quả xét nghiệm,Trả kết quả,Cận lâm sàng / Chẩn đoán hình ảnh,lab,Có,TRUE,,standard_flow;insurance_flow;service_flow;priority_support_flow,"phòng trả kết quả xét nghiệm, lấy kết quả xét nghiệm, xem kết quả, nhận phiếu kết quả xét nghiệm máu, nhận kết quả chụp X-quang",Phòng trả kết quả xét nghiệm,
A310,3,Tầng 3 - Cận lâm sàng & CĐHA,Phòng điện tim ECG,A310 - Phòng điện tim ECG,Đo điện tim,Cận lâm sàng / Chẩn đoán hình ảnh,diagnostic,Có,TRUE,,standard_flow;insurance_flow;service_flow;priority_support_flow,"phòng điện tim ecg, điện tim, ghi điện tim, đo điện tim, kiểm tra điện tim, điện tâm đồ, đo ecg",Phòng điện tim ECG,
A311,3,Tầng 3 - Cận lâm sàng & CĐHA,Phòng siêu âm tổng quát 1,A311 - Phòng siêu âm tổng quát 1,Siêu âm,Cận lâm sàng / Chẩn đoán hình ảnh,diagnostic,Có,TRUE,,standard_flow;insurance_flow;service_flow;priority_support_flow,"phòng siêu âm tổng quát 1, siêu âm ổn bụng, siêu âm tổng quát, siêu âm bụng, siêu âm gan, siêu âm mật, siêu âm lách",Phòng siêu âm tổng quát 1,
A312,3,Tầng 3 - Cận lâm sàng & CĐHA,Phòng siêu âm tổng quát 2,A312 - Phòng siêu âm tổng quát 2,Siêu âm,Cận lâm sàng / Chẩn đoán hình ảnh,diagnostic,Có,TRUE,,standard_flow;insurance_flow;service_flow;priority_support_flow,"phòng siêu âm tổng quát 2, siêu âm ổn bụng, siêu âm tổng quát, siêu âm bụng, siêu âm gan, siêu âm mật, siêu âm lách",Phòng siêu âm tổng quát 2,
A313,3,Tầng 3 - Cận lâm sàng & CĐHA,Phòng siêu âm tim,A313 - Phòng siêu âm tim,Siêu âm tim / Chẩn đoán tim mạch,Cận lâm sàng / Chẩn đoán hình ảnh,diagnostic,Có,TRUE,,standard_flow;insurance_flow;service_flow;priority_support_flow,"phòng siêu âm tim, siêu âm tim mạch, siêu âm van tim, kiểm tra tim, siêu âm Doppler tim, tim, siêu âm tim Doppler",Phòng siêu âm tim,
A314,3,Tầng 3 - Cận lâm sàng & CĐHA,Phòng X-quang 1,A314 - Phòng X-quang 1,Chụp phim,Cận lâm sàng / Chẩn đoán hình ảnh,diagnostic,Có,TRUE,,standard_flow;insurance_flow;service_flow;priority_support_flow,"phòng x-quang 1, chụp X-quang phổi, chụp cột sống, chụp ngực, chụp phổi, chụp xương, chụp phim",Phòng X-quang 1,
A315,3,Tầng 3 - Cận lâm sàng & CĐHA,Phòng X-quang 2,A315 - Phòng X-quang 2,Chụp phim,Cận lâm sàng / Chẩn đoán hình ảnh,diagnostic,Có,TRUE,,standard_flow;insurance_flow;service_flow;priority_support_flow,"phòng x-quang 2,  chụp X-quang phổi, chụp cột sống, chụp ngực, chụp phổi, chụp xương, chụp phim",Phòng X-quang 2,
A316,3,Tầng 3 - Cận lâm sàng & CĐHA,Phòng CT mô phỏng,A316 - Phòng CT mô phỏng,Chẩn đoán hình ảnh,Cận lâm sàng / Chẩn đoán hình ảnh,diagnostic,Có,TRUE,,standard_flow;insurance_flow;service_flow;priority_support_flow,"phòng ct mô phỏng, chụp CT, CT mô phỏng, CT Scan, mô phỏng xạ trị, chụp cắt lớp, lập kế hoạch xạ trị, chụp CT theo chỉ định",Phòng CT mô phỏng,
A317,3,Tầng 3 - Cận lâm sàng & CĐHA,Phòng MRI mô phỏng,A317 - Phòng MRI mô phỏng,Chẩn đoán hình ảnh,Cận lâm sàng / Chẩn đoán hình ảnh,diagnostic,Có,TRUE,,standard_flow;insurance_flow;service_flow;priority_support_flow,"phòng mri mô phỏng, chụp MRI, cộng hưởng từ, chụp cộng hưởng từ, mô phỏng xạ trị, chụp MRI theo chỉ định ",Phòng MRI mô phỏng,
A318,3,Tầng 3 - Cận lâm sàng & CĐHA,Phòng nội soi tiêu hóa,A318 - Phòng nội soi tiêu hóa,Nội soi,Cận lâm sàng / Chẩn đoán hình ảnh,diagnostic,Có,TRUE,,standard_flow;insurance_flow;service_flow;priority_support_flow,"phòng nội soi tiêu hóa, nội soi dạ dày, nội soi đại tràng, nội soi tiêu hóa, nội soi thực quản, nội soi có gây mê, nội soi dạ dày, soi đại tràng",Phòng nội soi tiêu hóa,
A319,3,Tầng 3 - Cận lâm sàng & CĐHA,Phòng đo chức năng hô hấp,A319 - Phòng đo chức năng hô hấp,Đo chức năng,Cận lâm sàng / Chẩn đoán hình ảnh,diagnostic,Có,TRUE,,standard_flow;insurance_flow;service_flow;priority_support_flow,"phòng đo chức năng hô hấp, đo chức năng hô hấp, đo hô hấp, đo phổi, kiểm tra phổi, chức năng phổi, đo thông khí",Phòng đo chức năng hô hấp,
A320,3,Tầng 3 - Cận lâm sàng & CĐHA,Phòng đo mật độ xương,A320 - Phòng đo mật độ xương,Đo loãng xương,Cận lâm sàng / Chẩn đoán hình ảnh,diagnostic,Có,TRUE,,standard_flow;insurance_flow;service_flow;priority_support_flow,"phòng đo mật độ xương, đo mật độ xương, đo loãng xương, kiểm tra loãng xương, mật độ xương, kiểm tra xương, đo xương",Phòng đo mật độ xương,
A321,3,Tầng 3 - Cận lâm sàng & CĐHA,Phòng lấy mẫu chuyên biệt,A321 - Phòng lấy mẫu chuyên biệt,Lấy mẫu đặc biệt,Cận lâm sàng / Chẩn đoán hình ảnh,lab,Có,TRUE,,standard_flow;insurance_flow;service_flow;priority_support_flow,"phòng lấy mẫu chuyên biệt, lấy mẫu, lấy bệnh phẩm, lấy mẫu đặc biệt, lấy dịch, lấy dịch xét nghiệm, lấy dịch cơ thể, lấy dịch màng phổi, lấy mẫu sinh thiết, nộp bệnh phẩm, lấy mẫu kiểm tra, ",Phòng lấy mẫu chuyên biệt,
A322,3,Tầng 3 - Cận lâm sàng & CĐHA,Phòng tư vấn trước thủ thuật,A322 - Phòng tư vấn trước thủ thuật,Tư vấn trước TT,Cận lâm sàng / Chẩn đoán hình ảnh,lab,Có,TRUE,,standard_flow;insurance_flow;service_flow;priority_support_flow,"phòng tư vấn trước thủ thuật, tư vấn trước nội soi, giải thích thủ thuật, giải thích quy trình, hướng dẫn trước thủ thuật, chuẩn bị nội soi, chuẩn bị can thiệp, ký cam kết, ký giấy cam kết, ký giấy đồng ý thủ thuật, tư vấn điều trị, tư vấn gây mê, hướng dẫn trước điều trị",Phòng tư vấn trước thủ thuật,
A323,3,Tầng 3 - Cận lâm sàng & CĐHA,Phòng nghỉ sau thủ thuật,A323 - Phòng nghỉ sau thủ thuật,Nghỉ sau thủ thuật,Cận lâm sàng / Chẩn đoán hình ảnh,lab,Có,TRUE,,standard_flow;insurance_flow;service_flow;priority_support_flow,"phòng nghỉ sau thủ thuật, nghỉ sau thủ thuật, nghỉ sau nội soi, nghỉ hồi phục, hồi tỉnh, theo dõi sau thủ thuật, theo dõi sau nội soi, theo dõi sau gây mê, theo dõi sau điều trị, phòng nghỉ, nghỉ sau gây mê, hồi sức sau thủ thuật",Phòng nghỉ sau thủ thuật,
A324,3,Tầng 3 - Cận lâm sàng & CĐHA,Quầy hỗ trợ kết quả online,A324 - Quầy hỗ trợ kết quả online,Tra cứu kết quả,Cận lâm sàng / Chẩn đoán hình ảnh,lab,Có,TRUE,,standard_flow;insurance_flow;service_flow;priority_support_flow,"quầy hỗ trợ kết quả online, kết quả online, kết quả điện tủ, hỗ trợ tra cứu kết quả, hỗ trợ xem kết quả, kết quả trên app, kết quả trên ứng dụng, tài khoản kết quả",Quầy hỗ trợ kết quả online,
A325,3,Tầng 3 - Cận lâm sàng & CĐHA,Khu trả phim/CĐHA,A325 - Khu trả phim/CĐHA,"Nhận phim, ảnh",Cận lâm sàng / Chẩn đoán hình ảnh,lab,Có,TRUE,,standard_flow;insurance_flow;service_flow;priority_support_flow,"khu trả phim/cđha, trả phim
lấy phim, nhận phim, phim X-quang, phim CT, phim MRI, phim siêu âm, phim chụp, hình ảnh chụp, kết quả chẩn, đoán hình ảnh, kết quả CĐHA, chẩn đoán hình ảnh, nhận phim chụp",Khu trả phim/CĐHA,
A326,3,Tầng 3 - Cận lâm sàng & CĐHA,Phòng kỹ thuật viên,A326 - Phòng kỹ thuật viên,Làm việc kỹ thuật,Nội bộ / kỹ thuật,internal,Không/ít,FALSE,"Khu nội bộ, bệnh nhân không cần đến đây.",not_applicable,"phòng kỹ thuật viên, kỹ thuật viên, phòng kỹ thuật",Phòng kỹ thuật viên,
HALL-3-MAIN,3,Tầng 3 - POI cố định,Hành lang chính tầng 3,HALL-3-MAIN - Hành lang chính tầng 3,Trục di chuyển chính khu cận lâm sàng,Thang máy / cầu thang / hành lang,hallway,Có,TRUE,,standard_flow;insurance_flow;service_flow;priority_support_flow,"hành lang chính tầng 3, hành lang đi lại tầng 3, sảnh chính tầng 3",,"Mã POI riêng, không trùng mã phòng A###"
HALL-3-BRANCH,3,Tầng 3 - POI cố định,Hành lang nhánh tầng 3,HALL-3-BRANCH - Hành lang nhánh tầng 3,Nhánh chữ L nối cụm chẩn đoán hình ảnh,Thang máy / cầu thang / hành lang,hallway,Có,TRUE,,standard_flow;insurance_flow;service_flow;priority_support_flow,"hành lang nhánh tầng 3, hành lang nhỏ tầng 3, hành lang",,"Mã POI riêng, không trùng mã phòng A###"
WAIT-3-01,3,Tầng 3 - POI cố định,Khu chờ xét nghiệm,WAIT-3-01 - Khu chờ xét nghiệm,Ghế chờ trước cụm lấy mẫu/xét nghiệm,Khu chờ / ghế chờ,waiting_area,Có,TRUE,,standard_flow;insurance_flow;service_flow;priority_support_flow,"khu chờ xét nghiệm, ghế chờ xét nghiệm, ghế ngồi, khu chờ ",,"Mã POI riêng, không trùng mã phòng A###"
WAIT-3-02,3,Tầng 3 - POI cố định,Khu chờ chẩn đoán hình ảnh,WAIT-3-02 - Khu chờ chẩn đoán hình ảnh,Ghế chờ trước cụm siêu âm/X-quang/CT/MRI,Khu chờ / ghế chờ,waiting_area,Có,TRUE,,standard_flow;insurance_flow;service_flow;priority_support_flow,"khu chờ chẩn đoán hình ảnh, ghế ngồi chờ, khu ngồi chờ, chờ kết quả chẩn đoán hình ảnh, chẩn đoán hình ảnh",,"Mã POI riêng, không trùng mã phòng A###"
ELEV-3A,3,Tầng 3 - POI cố định,Thang máy khu A tầng 3,ELEV-3A - Thang máy khu A tầng 3,"Di chuyển tầng, ưu tiên người già/người đi xe lăn",Thang máy / cầu thang / hành lang,elevator,Có,TRUE,"Phù hợp mọi đối tượng, nên ưu tiên cho người đi xe lăn, người cao tuổi và người hạn chế vận động.",standard_flow;insurance_flow;service_flow;priority_support_flow,"thang máy khu a tầng 3, thang máy tầng 3, thang máy gần khu a, thang máy xuống tầng 2, thang máy lên tầng 4",,"Mã POI riêng, không trùng mã phòng A###"
STAIR-3A,3,Tầng 3 - POI cố định,Cầu thang bộ khu A tầng 3,STAIR-3A - Cầu thang bộ khu A tầng 3,Di chuyển tầng bằng thang bộ,Thang máy / cầu thang / hành lang,stair,Có,FALSE,Không phù hợp với xe lăn,standard_flow;insurance_flow;service_flow,"cầu thang bộ khu a tầng 3, cầu thang tầng 3, lên tầng 4, đi xuống tầng 2, cầu thang, thang bộ, cầu thang gân khu a",,"Mã POI riêng, không trùng mã phòng A###"
ELEV-3B,3,Tầng 3 - POI cố định,Thang máy khu B tầng 3,ELEV-3B - Thang máy khu B tầng 3,Di chuyển tầng tại nhánh chữ L,Thang máy / cầu thang / hành lang,elevator,Có,TRUE,"Phù hợp mọi đối tượng, nên ưu tiên cho người đi xe lăn, người cao tuổi và người hạn chế vận động.",standard_flow;insurance_flow;service_flow;priority_support_flow,"thang máy khu b tầng 3, thang máy tầng 3, thang máy gần khu b, thang máy xuống tầng 2, thang máy lên tầng 4",,"Mã POI riêng, không trùng mã phòng A###"
STAIR-3B,3,Tầng 3 - POI cố định,Cầu thang bộ khu B tầng 3,STAIR-3B - Cầu thang bộ khu B tầng 3,Di chuyển tầng bằng thang bộ tại nhánh chữ L,Thang máy / cầu thang / hành lang,stair,Có,FALSE,Không phù hợp với xe lăn,standard_flow;insurance_flow;service_flow,"cầu thang bộ khu b tầng 3, cầu thang tầng 3, lên tầng 4, đi xuống tầng 2, cầu thang, thang bộ, cầu thang gân khu b",,"Mã POI riêng, không trùng mã phòng A###"
WC-3A-M,3,Tầng 3 - POI cố định,WC nam khu A tầng 3,WC-3A-M - WC nam khu A tầng 3,Vệ sinh nam,WC / tiếp cận,restroom_cluster,Có,TRUE,Có buồng WC tiếp cận xe lăn trong khối WC.,standard_flow;insurance_flow;service_flow;priority_support_flow,wc nam khu a tầng 3;wc;phòng vệ sinh,,"Mã POI riêng, không trùng mã phòng A###"
WC-3A-F,3,Tầng 3 - POI cố định,WC nữ khu A tầng 3,WC-3A-F - WC nữ khu A tầng 3,Vệ sinh nữ,WC / tiếp cận,restroom_cluster,Có,TRUE,Có buồng WC tiếp cận xe lăn trong khối WC.,standard_flow;insurance_flow;service_flow;priority_support_flow,"wc nữ khu a tầng 3, phòng vệ sinh, rửa tay, soi gương, vệ sinh tầng 3",,"Mã POI riêng, không trùng mã phòng A###"
WC-3A-ACC,3,Tầng 3 - POI cố định,WC xe lăn khu A tầng 3,WC-3A-ACC - WC xe lăn khu A tầng 3,WC cho người khuyết tật/người đi xe lăn,WC / tiếp cận,restroom_cluster,Có,TRUE,Có buồng WC tiếp cận xe lăn trong khối WC.,standard_flow;insurance_flow;service_flow;priority_support_flow,"wc xe lăn khu a tầng 3, phòng vệ sinh, rửa tay, soi gương, vệ sinh tầng 3",,"Mã POI riêng, không trùng mã phòng A###"
WC-3B-M,3,Tầng 3 - POI cố định,WC nam khu B tầng 3,WC-3B-M - WC nam khu B tầng 3,Vệ sinh nam,WC / tiếp cận,restroom_cluster,Có,TRUE,Có buồng WC tiếp cận xe lăn trong khối WC.,standard_flow;insurance_flow;service_flow;priority_support_flow,"wc nam khu b tầng 3, phòng vệ sinh, rửa tay, soi gương, vệ sinh tầng 3",,"Mã POI riêng, không trùng mã phòng A###"
WC-3B-F,3,Tầng 3 - POI cố định,WC nữ khu B tầng 3,WC-3B-F - WC nữ khu B tầng 3,Vệ sinh nữ,WC / tiếp cận,restroom_cluster,Có,TRUE,Có buồng WC tiếp cận xe lăn trong khối WC.,standard_flow;insurance_flow;service_flow;priority_support_flow,"wc nữ khu b tầng 3, phòng vệ sinh, rửa tay, soi gương, vệ sinh tầng 3",,"Mã POI riêng, không trùng mã phòng A###"
WC-3B-ACC,3,Tầng 3 - POI cố định,WC xe lăn khu B tầng 3,WC-3B-ACC - WC xe lăn khu B tầng 3,WC cho người khuyết tật/người đi xe lăn,WC / tiếp cận,restroom_cluster,Có,TRUE,Có buồng WC tiếp cận xe lăn trong khối WC.,standard_flow;insurance_flow;service_flow;priority_support_flow,"wc xe lăn khu b tầng 3, phòng vệ sinh, rửa tay, soi gương, vệ sinh tầng 3",,"Mã POI riêng, không trùng mã phòng A###"